<?xml version="1.0" encoding="UTF-8"?>
<!DOCTYPE mapper PUBLIC "-//mybatis.org//DTD Mapper 3.0//EN" "http://mybatis.org/dtd/mybatis-3-mapper.dtd" >


<mapper namespace="com.qkcfamily.mapper.ProductMapper">

<select id="productSearch" resultType="com.qkcfamily.entity.Product" parameterType="String">
SELECT * FROM tb_product WHERE pd_name LIKE CONCAT('%', #{searchProduct}, '%');
</select>

<update id="updateProduct" parameterType="com.qkcfamily.entity.Product">
     UPDATE tb_product
    SET 
        pd_name = #{pd_name},
        pd_content = #{pd_content},
        price = #{price},
        pd_img = #{pd_img},
        item = #{item},
        spec_carton = #{spec_carton},
        carton_size = #{carton_size},
        load_qty = #{load_qty},
        shelf_life = #{shelf_life},
        category_d = #{category_d}
    WHERE pd_idx = #{pd_idx}
</update>

<insert id="InsertProduct" parameterType="com.qkcfamily.entity.Product">

INSERT INTO tb_product VALUES (default, #{pd_name}, #{pd_content}, #{price}, #{pd_img}, NULL , default, #{pd_name}, #{spec_carton}, #{carton_size}, #{load_qty}, #{shelf_life},#{category_d})
</insert>

<select id="allMushroom"  resultType="com.qkcfamily.entity.Product" parameterType="String">

SELECT
    p.pd_idx AS pd_idx,
    p.pd_name AS pd_name,
    p.price,
    p.pd_content AS pd_content,
    IF(s.pd_idx IS NOT NULL, 1, 0) AS scrapped
FROM
    tb_product p
LEFT JOIN
    tb_scrap s
ON
    p.pd_idx = s.pd_idx 
    AND s.admin_id = #{admin_id}
WHERE
    p.category = '버섯류';



</select>

<select id="allFoodStuffs"  resultType="com.qkcfamily.entity.Product" parameterType="String">

SELECT
    p.pd_idx AS pd_idx,
    p.pd_name AS pd_name,
    p.price,
    p.pd_content AS pd_content,
    IF(s.pd_idx IS NOT NULL, 1, 0) AS scrapped
FROM
    tb_product p
LEFT JOIN
    tb_scrap s
ON
    p.pd_idx = s.pd_idx 
    AND s.admin_id = #{admin_id}
WHERE
    p.category = '식료품';



</select>


<select id="allSnack"  resultType="com.qkcfamily.entity.Product" parameterType="String">

SELECT
    p.pd_idx AS pd_idx,
    p.pd_name AS pd_name,
    p.price,
    p.pd_content AS pd_content,
    IF(s.pd_idx IS NOT NULL, 1, 0) AS scrapped
FROM
    tb_product p
LEFT JOIN
    tb_scrap s
ON
    p.pd_idx = s.pd_idx 
    AND s.admin_id = #{admin_id}
WHERE
    p.category = '제과';



</select>


<select id="allImport"  resultType="com.qkcfamily.entity.Product" parameterType="String">

SELECT
    p.pd_idx AS pd_idx,
    p.pd_name AS pd_name,
    p.price,
    p.pd_content AS pd_content,
    IF(s.pd_idx IS NOT NULL, 1, 0) AS scrapped
FROM
    tb_product p
LEFT JOIN
    tb_scrap s
ON
    p.pd_idx = s.pd_idx 
    AND s.admin_id = #{admin_id}
WHERE
    p.category = '수입품';



</select>


<select id="allEtc"  resultType="com.qkcfamily.entity.Product" parameterType="String">

SELECT
    p.pd_idx AS pd_idx,
    p.pd_name AS pd_name,
    p.price,
    p.pd_content AS pd_content,
    IF(s.pd_idx IS NOT NULL, 1, 0) AS scrapped
FROM
    tb_product p
LEFT JOIN
    tb_scrap s
ON
    p.pd_idx = s.pd_idx 
    AND s.admin_id = #{admin_id}
WHERE
    p.category = '기타';



</select>

<select id="bestProduct" resultType="com.qkcfamily.entity.Product">

SELECT p.pd_idx, p.pd_img
FROM tb_product p
JOIN (
    SELECT pd_idx
    FROM tb_scrap
    GROUP BY pd_idx
    ORDER BY COUNT(*) DESC
    LIMIT 10
) AS top_scrap ON p.pd_idx = top_scrap.pd_idx;


</select>





</mapper>